City_ID,City,Country,Lat,Lng,Max Temp,Humidity,Cloudiness,Wind Speed,Current Description,Rain (inches),Snow (inches)
0,Arys,KZ,42.43,68.8,80.6,36,0,6.71,clear sky,0.0,0
1,Norman Wells,CA,65.28,-126.83,55.4,82,75,8.05,broken clouds,0.0,0
2,Novoagansk,RU,61.94,76.66,62.58,88,100,4.45,moderate rain,1.25,0
3,Albany,US,42.6,-73.97,90.0,70,84,3.0,moderate rain,1.05,0
4,Cape Town,ZA,-33.93,18.42,53.01,76,40,9.17,scattered clouds,0.0,0
5,Kankon,IN,15.02,74.02,80.24,82,100,2.64,light rain,0.43,0
6,Acapulco,MX,16.86,-99.89,84.2,83,90,5.82,overcast clouds,0.0,0
7,Ndele,CF,8.41,20.65,70.07,96,100,3.0,overcast clouds,0.0,0
8,Cayenne,GF,4.93,-52.33,87.8,55,6,12.75,light rain,0.51,0
9,Mataura,NZ,-46.19,168.86,44.71,93,100,4.59,light rain,0.43,0
10,Bluff,NZ,-46.6,168.33,50.59,78,100,21.09,overcast clouds,0.0,0
11,Pacific Grove,US,36.62,-121.92,62.6,72,1,6.93,clear sky,0.0,0
12,Harlingen,US,26.19,-97.7,96.8,47,1,16.11,clear sky,0.0,0
13,Busselton,AU,-33.65,115.33,46.0,72,0,14.41,clear sky,0.0,0
14,Terney,RU,45.05,136.61,57.45,88,62,5.3,broken clouds,0.0,0
15,Ancud,CL,-41.87,-73.82,48.0,80,75,9.17,broken clouds,0.0,0
16,Bowen,AU,-20.02,148.23,64.99,93,75,5.35,broken clouds,0.0,0
17,Rikitea,PF,-23.12,-134.97,68.9,68,41,17.72,scattered clouds,0.0,0
18,Vostochnyy,RU,55.82,37.87,73.4,82,40,15.66,light intensity shower rain,0.0,0
19,Aloleng,PH,16.13,119.78,82.2,76,76,1.83,broken clouds,0.0,0
20,Upernavik,GL,72.79,-56.15,41.86,82,4,4.9,clear sky,0.0,0
21,Geraldton,AU,-28.77,114.6,48.2,39,0,13.87,clear sky,0.0,0
22,Punta Arenas,CL,-53.15,-70.92,37.4,69,75,13.87,broken clouds,0.0,0
23,Bonthe,SL,7.53,-12.51,75.76,89,100,9.06,moderate rain,1.04,0
24,Usakos,NA,-22.0,15.6,50.81,44,0,1.5,clear sky,0.0,0
25,Khatanga,RU,71.97,102.5,52.52,92,96,11.95,overcast clouds,0.0,0
26,Sao Filipe,CV,14.9,-24.5,75.06,81,39,7.65,scattered clouds,0.0,0
27,Yulara,AU,-25.24,130.99,37.4,64,0,9.17,clear sky,0.0,0
28,Atuona,PF,-9.8,-139.03,79.16,79,11,18.43,light rain,0.17,0
29,Port Alfred,ZA,-33.59,26.89,51.01,96,100,4.0,light rain,0.55,0
30,Tasiilaq,GL,65.61,-37.64,38.8,80,27,6.31,scattered clouds,0.0,0
31,Koslan,RU,63.46,48.9,58.12,89,100,5.26,light rain,0.71,0
32,Hofn,IS,64.25,-15.21,49.78,82,2,4.83,clear sky,0.0,0
33,Linxia,CN,35.6,103.21,51.67,78,0,3.87,clear sky,0.0,0
34,Avarua,CK,-21.21,-159.78,73.4,83,100,2.24,light rain,0.63,0
35,Duldurga,RU,50.68,113.59,59.38,92,99,4.85,light rain,0.42,0
36,Oktyabrskoye,RU,43.06,44.74,73.4,69,99,4.47,overcast clouds,0.0,0
37,Nouadhibou,MR,20.93,-17.03,75.2,69,0,20.8,sand,0.0,0
38,Faanui,PF,-16.48,-151.75,78.13,77,100,20.62,overcast clouds,0.0,0
39,Saskylakh,RU,71.92,114.08,62.98,86,1,8.05,clear sky,0.0,0
40,Tuatapere,NZ,-46.13,167.68,46.27,84,95,6.35,overcast clouds,0.0,0
41,Neiafu,TO,-18.65,-173.98,75.2,94,40,10.29,scattered clouds,0.0,0
42,Vila Velha,BR,-20.33,-40.29,78.01,61,0,9.17,clear sky,0.0,0
43,Severo-Kurilsk,RU,50.68,156.12,50.68,92,100,2.95,light rain,0.5,0
44,Vila Franca Do Campo,PT,37.72,-25.43,71.6,64,75,6.93,broken clouds,0.0,0
45,Poum,NC,-20.23,164.02,69.64,76,0,11.9,clear sky,0.0,0
46,Qui Nhon,VN,13.77,109.23,79.86,82,100,3.8,overcast clouds,0.0,0
47,Iqaluit,CA,63.75,-68.51,41.0,93,75,4.7,broken clouds,0.0,0
48,Vaini,TO,-21.2,-175.2,71.6,83,75,10.29,broken clouds,0.0,0
49,Nikolskoye,RU,59.7,30.79,62.01,67,75,13.42,broken clouds,0.0,0
50,Tocopilla,CL,-22.09,-70.2,65.55,53,21,7.56,few clouds,0.0,0
51,Esperance,AU,-33.87,121.9,44.6,87,0,6.93,clear sky,0.0,0
52,Guipavas,FR,48.44,-4.4,66.2,59,0,11.41,clear sky,0.0,0
53,Tibacuy,CO,4.35,-72.46,85.46,66,60,0.94,light rain,0.3,0
54,Sola,VU,-13.88,167.55,79.57,83,87,25.97,light rain,0.88,0
55,Ushuaia,AR,-54.8,-68.3,35.6,69,20,9.17,few clouds,0.0,0
56,Hobart,AU,-42.88,147.33,46.0,93,90,2.48,overcast clouds,0.0,0
57,Ribeira Grande,PT,38.52,-28.7,73.4,78,40,6.93,scattered clouds,0.0,0
58,Chuy,UY,-33.7,-53.46,52.02,55,0,5.14,clear sky,0.0,0
59,Yellowknife,CA,62.46,-114.35,72.0,60,75,10.29,broken clouds,0.0,0
60,Salamanca,ES,40.83,-6.0,89.01,30,39,3.0,scattered clouds,0.0,0
61,Butaritari,KI,3.07,172.79,83.61,77,96,13.06,overcast clouds,0.0,0
62,Sayyan,YE,15.17,44.32,71.58,41,98,3.33,overcast clouds,0.0,0
63,New Norfolk,AU,-42.78,147.06,45.0,91,85,1.48,overcast clouds,0.0,0
64,Kruisfontein,ZA,-34.0,24.73,47.07,68,0,10.74,clear sky,0.0,0
65,Dikson,RU,73.51,80.55,42.75,87,100,12.5,overcast clouds,0.0,0
66,Dagana,MR,16.52,-15.51,98.6,39,40,16.15,scattered clouds,0.0,0
67,Bangkal,PH,6.07,121.07,75.72,90,100,5.84,overcast clouds,0.0,0
68,Lebu,CL,-37.62,-73.65,51.66,79,100,12.84,light rain,0.17,0
69,Pisco,PE,-13.7,-76.22,62.6,77,75,5.82,broken clouds,0.0,0
70,Aykhal,RU,66.0,111.5,60.8,93,75,6.71,broken clouds,0.0,0
71,Cidreira,BR,-30.18,-50.21,58.66,90,100,3.33,overcast clouds,0.0,0
72,Clyde River,CA,70.47,-68.59,57.2,58,20,3.36,few clouds,0.0,0
73,Kangaatsiaq,GL,68.31,-53.46,44.8,78,100,8.79,overcast clouds,0.0,0
74,Bredasdorp,ZA,-34.53,20.04,50.0,76,0,3.36,clear sky,0.0,0
75,Tuktoyaktuk,CA,69.45,-133.04,42.8,87,20,3.36,few clouds,0.0,0
76,Bonavista,CA,48.65,-53.11,55.99,84,7,5.99,clear sky,0.0,0
77,Surt,LY,31.21,16.59,76.96,76,0,15.46,clear sky,0.0,0
78,Bethel,US,41.37,-73.41,84.99,74,75,10.29,broken clouds,0.0,0
79,Egvekinot,RU,66.32,-179.17,54.9,53,89,3.09,overcast clouds,0.0,0
80,Constitucion,CL,-35.33,-72.42,52.7,62,100,8.21,overcast clouds,0.0,0
81,Kapaa,US,22.08,-159.32,80.6,69,40,16.11,scattered clouds,0.0,0
82,Chokurdakh,RU,70.63,147.92,46.76,75,81,9.15,broken clouds,0.0,0
83,Piterka,RU,50.68,47.45,72.5,74,1,13.87,clear sky,0.0,0
84,Asau,RO,46.43,26.4,69.01,70,0,3.71,clear sky,0.0,0
85,San Rafael,AR,-34.62,-68.33,54.79,39,100,6.08,overcast clouds,0.0,0
86,Pangody,RU,65.85,74.49,55.42,70,0,7.87,clear sky,0.0,0
87,Chichimila,MX,20.62,-88.22,100.92,27,0,2.37,clear sky,0.0,0
88,Salalah,OM,17.02,54.09,80.6,100,90,5.82,light intensity drizzle,0.0,0
89,Chiredzi,ZW,-21.05,31.67,69.17,24,0,7.45,clear sky,0.0,0
90,Acaponeta,MX,22.5,-105.36,102.18,35,0,5.97,clear sky,0.0,0
91,La Ronge,CA,55.1,-105.28,71.6,56,75,14.99,broken clouds,0.0,0
92,Havre-Saint-Pierre,CA,50.23,-63.6,78.8,61,1,10.29,clear sky,0.0,0
93,Aklavik,CA,68.22,-135.01,53.6,66,40,4.7,scattered clouds,0.0,0
94,Sisimiut,GL,66.94,-53.67,47.98,68,90,6.98,overcast clouds,0.0,0
95,Hovd,MN,48.01,91.64,67.14,42,83,7.16,broken clouds,0.0,0
96,Santiago De Cao,PE,-7.96,-79.24,65.05,74,8,13.47,clear sky,0.0,0
97,Joensuu,FI,62.6,29.76,55.99,100,90,8.05,heavy intensity shower rain,0.0,0
98,Loralai,PK,30.37,68.6,85.39,20,0,6.11,clear sky,0.0,0
99,Barrow,US,71.29,-156.79,33.8,86,90,5.82,mist,0.0,0
100,Puerto Ayora,EC,-0.74,-90.35,70.0,88,98,3.0,overcast clouds,0.0,0
101,Gweta,BW,-20.18,25.23,55.27,37,0,9.15,clear sky,0.0,0
102,Pevek,RU,69.7,170.31,47.39,79,99,2.66,overcast clouds,0.0,0
103,Islamkot,PK,24.7,70.18,86.68,69,100,23.04,overcast clouds,0.0,0
104,Rovaniemi,FI,66.5,25.72,57.2,58,0,5.82,clear sky,0.0,0
105,Fortuna,US,40.6,-124.16,63.0,93,90,12.75,overcast clouds,0.0,0
106,Farafenni,GM,13.57,-15.6,84.99,66,100,10.98,light rain,0.96,0
107,Airai,TL,-8.93,125.41,57.9,100,43,3.91,scattered clouds,0.0,0
108,Sunggal,ID,3.58,98.62,75.2,100,40,9.17,scattered clouds,0.0,0
109,Otavi,NA,-19.65,17.33,55.09,33,0,10.18,clear sky,0.0,0
110,Pamekasan,ID,-7.16,113.47,77.68,84,16,5.08,few clouds,0.0,0
111,Grindavik,IS,63.84,-22.43,51.8,87,75,12.75,light intensity drizzle,0.0,0
112,Kadnikov,RU,59.5,40.34,65.17,97,5,10.0,light rain,0.45,0
113,Campbell River,CA,50.02,-125.24,57.99,93,90,4.7,light rain,0.0,0
114,Los Llanos De Aridane,ES,28.66,-17.92,73.4,73,20,16.11,few clouds,0.0,0
115,Victoria Point,AU,-27.58,153.3,57.99,88,7,5.79,clear sky,0.0,0
116,Port Elizabeth,ZA,-33.92,25.57,51.8,76,49,17.22,light rain,0.11,0
117,Ormara,PK,25.21,64.64,84.09,82,100,16.96,overcast clouds,0.0,0
118,Kukuna,SL,9.4,-12.67,73.33,96,100,5.35,light rain,0.31,0
119,Viedma,AR,-40.81,-63.0,51.15,42,100,23.69,overcast clouds,0.0,0
120,Kaitangata,NZ,-46.28,169.85,50.0,60,100,4.0,light rain,0.56,0
121,Victoria,HK,22.29,114.16,86.0,70,47,11.01,scattered clouds,0.0,0
122,Sao Raimundo Das Mangabeiras,BR,-7.02,-45.48,90.32,36,92,8.55,overcast clouds,0.0,0
123,Kodiak,US,57.79,-152.41,59.0,77,1,5.82,clear sky,0.0,0
124,Capaci,IT,38.17,13.24,82.0,69,0,14.99,clear sky,0.0,0
125,Bud,US,39.45,-86.18,86.0,54,1,8.05,clear sky,0.0,0
126,Mitsamiouli,KM,-11.38,43.28,75.2,78,20,2.24,few clouds,0.0,0
127,Griffith,US,41.53,-87.42,82.4,83,90,10.29,moderate rain,0.76,0
128,Misratah,LY,32.38,15.09,77.16,77,0,10.47,clear sky,0.0,0
129,Gigmoto,PH,13.78,124.39,80.56,80,94,3.51,overcast clouds,0.0,0
130,Iguape,BR,-24.71,-47.56,82.09,55,0,7.56,clear sky,0.0,0
131,Mahon,ES,39.89,4.27,77.0,61,0,20.8,clear sky,0.0,0
132,Leningradskiy,RU,69.38,178.42,43.21,70,0,13.09,clear sky,0.0,0
133,Coquimbo,CL,-29.95,-71.34,55.4,87,40,10.29,scattered clouds,0.0,0
134,Rocha,UY,-34.48,-54.33,51.67,58,0,7.16,clear sky,0.0,0
135,Chute-Aux-Outardes,CA,49.12,-68.4,66.2,82,90,13.87,overcast clouds,0.0,0
136,Hilo,US,19.73,-155.09,77.0,69,90,11.41,overcast clouds,0.0,0
137,Mahebourg,MU,-20.41,57.7,69.8,68,40,19.46,shower rain,0.0,0
138,Marfino,RU,55.7,37.38,73.4,64,74,6.71,broken clouds,0.0,0
139,Benghazi,LY,32.12,20.07,76.53,73,0,12.77,clear sky,0.0,0
140,Arraial Do Cabo,BR,-22.97,-42.03,80.6,54,0,14.99,clear sky,0.0,0
141,Nome,US,64.5,-165.41,63.0,67,1,4.7,clear sky,0.0,0
142,Longyan,CN,25.11,117.02,73.98,88,99,2.46,overcast clouds,0.0,0
143,Castro,BR,-24.79,-50.01,68.61,66,0,10.33,clear sky,0.0,0
144,Ajdabiya,LY,30.76,20.23,74.55,77,0,15.59,clear sky,0.0,0
145,Luderitz,NA,-26.65,15.16,55.4,82,0,13.87,clear sky,0.0,0
146,Cairns,AU,-16.92,145.77,69.8,88,75,9.17,light intensity drizzle,0.0,0
147,Faya,SA,18.39,42.45,80.6,57,24,3.36,few clouds,0.0,0
148,Dingle,PH,11.0,122.67,76.87,87,98,1.1,overcast clouds,0.0,0
149,Mariel,CU,22.99,-82.75,89.6,62,40,11.41,scattered clouds,0.0,0
150,Tezu,IN,27.92,96.17,75.4,87,100,2.91,moderate rain,3.07,0
151,Ukiah,US,39.15,-123.21,89.01,32,1,3.36,clear sky,0.0,0
152,Brae,GB,60.4,-1.35,53.6,87,100,11.41,overcast clouds,0.0,0
153,Beroroha,MG,-21.67,45.17,70.32,56,0,6.35,clear sky,0.0,0
154,Zyryanka,RU,65.75,150.85,63.82,65,0,4.38,clear sky,0.0,0
155,Lixourion,GR,38.2,20.43,78.8,65,0,9.17,clear sky,0.0,0
156,Mogadishu,SO,2.04,45.34,78.85,83,100,20.27,light rain,0.14,0
157,La Crosse,US,43.8,-91.24,82.99,61,20,6.93,few clouds,0.0,0
158,Roanoke Rapids,US,36.46,-77.65,91.4,62,40,9.17,scattered clouds,0.0,0
159,Alta Floresta,BR,-9.88,-56.09,95.0,32,75,5.82,broken clouds,0.0,0
160,Carnarvon,AU,-24.87,113.63,59.0,30,0,10.29,clear sky,0.0,0
161,Souillac,MU,-20.52,57.52,69.8,68,40,19.46,shower rain,0.0,0
162,Sungaipenuh,ID,-2.08,101.38,64.72,95,98,2.17,overcast clouds,0.0,0
163,Fairbanks,US,64.84,-147.72,63.0,58,1,4.54,clear sky,0.0,0
164,Saint-Joseph,RE,-21.37,55.62,68.0,77,20,8.05,few clouds,0.0,0
165,Shwebo,MM,22.57,95.7,78.08,87,100,13.53,overcast clouds,0.0,0
166,Diffa,NE,13.32,12.61,88.12,46,61,8.41,light rain,0.72,0
167,Kavaratti,IN,10.57,72.64,80.82,84,100,23.53,moderate rain,2.73,0
168,Yar-Sale,RU,66.83,70.83,52.07,62,100,7.14,overcast clouds,0.0,0
169,Noumea,NC,-22.28,166.46,66.99,93,76,2.24,broken clouds,0.0,0
170,Kota Kinabalu,MY,5.97,116.07,75.2,94,20,3.36,few clouds,0.0,0
171,Irawan,PH,9.8,118.69,78.62,81,99,1.12,overcast clouds,0.0,0
172,Provideniya,RU,64.38,-173.3,54.09,59,0,2.44,clear sky,0.0,0
173,Labuhan,ID,-6.88,112.21,76.21,85,35,7.36,scattered clouds,0.0,0
174,Mananara,MG,-16.17,49.77,69.75,87,64,8.1,light rain,0.87,0
175,Sesheke,ZM,-17.48,24.3,64.4,27,0,3.36,clear sky,0.0,0
176,Zasheyek,RU,67.41,32.55,52.74,84,4,11.18,clear sky,0.0,0
177,Longyearbyen,SJ,78.22,15.64,46.4,65,75,23.04,broken clouds,0.0,0
178,Broome,US,42.25,-75.83,82.0,69,75,10.29,light rain,0.76,0
179,Kohlu,PK,29.9,69.25,89.19,19,0,4.07,clear sky,0.0,0
180,Ilulissat,GL,69.22,-51.1,46.4,70,75,5.82,broken clouds,0.0,0
181,Hornepayne,CA,49.21,-84.77,63.84,67,100,7.49,overcast clouds,0.0,0
182,Tamandare,BR,-8.76,-35.1,77.31,80,6,10.0,light rain,0.19,0
183,Ercis,TR,39.03,43.36,73.4,46,75,19.46,light intensity shower rain,0.0,0
184,Manta,EC,-0.95,-80.73,75.06,80,96,8.57,overcast clouds,0.0,0
185,Tukrah,LY,32.53,20.58,75.42,70,0,7.45,clear sky,0.0,0
186,Thompson,CA,55.74,-97.86,60.8,72,90,4.7,overcast clouds,0.0,0
187,Baudh,IN,20.84,84.32,82.9,75,100,2.17,overcast clouds,0.0,0
188,Adeje,ES,28.12,-16.73,78.8,61,17,21.92,few clouds,0.0,0
189,Avera,US,33.19,-82.53,91.4,46,40,5.82,scattered clouds,0.0,0
190,Fort Oglethorpe,US,34.95,-85.26,91.0,40,20,11.41,few clouds,0.0,0
191,Hithadhoo,MV,-0.6,73.08,84.43,75,0,9.66,clear sky,0.0,0
192,Namibe,AO,-15.2,12.15,64.56,70,0,7.07,clear sky,0.0,0
193,Petropavl,KZ,54.88,69.16,71.04,87,2,9.51,clear sky,0.0,0
194,Hazebrouck,FR,50.72,2.54,66.99,66,0,1.99,clear sky,0.0,0
195,Bayir,TR,37.27,28.22,77.0,78,0,5.82,clear sky,0.0,0
196,Siuna,NI,13.73,-84.78,87.93,55,100,5.66,overcast clouds,0.0,0
197,San Andres,CO,12.58,-81.7,87.8,70,90,16.11,overcast clouds,0.0,0
198,Saint-Philippe,RE,-21.36,55.77,68.0,77,20,8.05,few clouds,0.0,0
199,Along,IN,28.17,94.77,73.58,90,100,0.69,moderate rain,3.51,0
200,Sitka,US,57.05,-135.33,55.4,87,75,9.17,light rain,0.51,0
201,Hasaki,JP,35.73,140.83,77.0,88,75,8.05,broken clouds,0.0,0
202,Biak,ID,-0.91,122.88,75.49,83,95,6.93,overcast clouds,0.0,0
203,Saint George,US,37.1,-113.58,100.99,15,1,3.36,clear sky,0.0,0
204,Touros,BR,-5.2,-35.46,73.4,100,90,8.05,light rain,0.0,0
205,Salvador,SV,13.83,-88.92,89.6,54,40,6.93,scattered clouds,0.0,0
206,Nizhniy Odes,RU,63.64,54.86,60.13,57,64,3.87,broken clouds,0.0,0
207,Coihaique,CL,-45.58,-72.07,39.2,55,40,6.93,scattered clouds,0.0,0
208,Qaanaaq,GL,77.48,-69.36,45.07,59,74,1.72,broken clouds,0.0,0
209,Ketchikan,US,55.34,-131.65,55.4,93,90,11.41,light rain,0.51,0
210,Laguna,US,38.42,-121.42,91.0,22,5,4.7,clear sky,0.0,0
211,Turayf,SA,31.67,38.66,89.6,29,0,13.87,clear sky,0.0,0
212,Hermanus,ZA,-34.42,19.23,48.0,81,0,11.95,clear sky,0.0,0
213,Sovkhoznyy,RU,45.29,38.11,77.0,65,0,11.18,clear sky,0.0,0
214,Nanguneri,IN,8.49,77.66,80.01,73,100,5.66,overcast clouds,0.0,0
215,Qaqortoq,GL,60.72,-46.03,57.2,71,75,5.82,broken clouds,0.0,0
216,Porto Novo,BJ,6.5,2.6,77.0,94,20,8.05,few clouds,0.0,0
217,Kijang,KR,35.24,129.21,71.6,78,75,11.41,broken clouds,0.0,0
218,Ximei,CN,24.96,118.38,84.2,83,92,8.95,overcast clouds,0.0,0
219,East London,ZA,-33.02,27.91,56.84,63,92,21.74,light rain,0.2,0
220,Birjand,IR,32.87,59.22,77.0,25,0,13.87,clear sky,0.0,0
221,Marawi,PH,8.0,124.29,75.99,91,100,3.0,overcast clouds,0.0,0
222,Xingcheng,CN,40.62,120.72,69.26,77,86,0.83,overcast clouds,0.0,0
223,Lompoc,US,34.64,-120.46,75.99,60,0,12.75,clear sky,0.0,0
224,Jamestown,US,42.1,-79.24,69.01,93,90,23.04,heavy intensity rain,4.06,0
225,Balkanabat,TM,39.51,54.37,85.84,40,3,7.96,clear sky,0.0,0
226,Dhariwal,IN,31.95,75.32,73.4,100,90,35.57,thunderstorm with rain,0.0,0
227,Skjervoy,NO,70.03,20.97,51.8,74,18,4.52,few clouds,0.0,0
228,Mandali,IQ,33.75,45.55,97.83,10,0,14.85,clear sky,0.0,0
229,Rio Gallegos,AR,-51.62,-69.22,32.0,85,40,16.11,scattered clouds,0.0,0
230,Mujiayingzi,CN,42.12,118.78,67.89,80,100,3.22,overcast clouds,0.0,0
231,Torbay,CA,47.67,-52.73,69.01,68,75,10.29,broken clouds,0.0,0
232,Ostrovnoy,RU,68.05,39.51,57.15,72,3,8.12,light rain,0.11,0
233,Zafra,ES,38.42,-6.42,99.0,17,86,13.0,overcast clouds,0.0,0
234,Colares,PT,38.8,-9.45,80.6,51,20,14.99,few clouds,0.0,0
235,Mancio Lima,BR,-7.61,-72.9,86.81,54,99,1.68,overcast clouds,0.0,0
236,Saldanha,ZA,-33.01,17.94,50.0,71,86,2.24,overcast clouds,0.0,0
237,Roald,NO,62.58,6.13,53.6,71,75,16.11,shower rain,0.0,0
238,Taunggyi,MM,20.78,97.03,64.18,100,100,4.05,overcast clouds,0.0,0
239,Padang,ID,-0.95,100.35,77.63,80,100,4.72,moderate rain,1.4,0
240,Luanda,AO,-8.84,13.23,71.6,83,90,6.93,overcast clouds,0.0,0
241,Vanimo,PG,-2.67,141.3,76.91,84,85,2.82,overcast clouds,0.0,0
242,Derbent,RU,42.07,48.29,78.26,57,48,4.59,scattered clouds,0.0,0
243,Vostok,RU,46.49,135.88,51.76,98,32,2.68,scattered clouds,0.0,0
244,Hikari,JP,33.95,131.95,75.2,88,75,3.36,light intensity shower rain,0.0,0
245,Mar Del Plata,AR,-38.0,-57.56,55.0,50,51,24.16,broken clouds,0.0,0
246,Nanortalik,GL,60.14,-45.24,44.01,91,98,11.45,overcast clouds,0.0,0
247,America Dourada,BR,-11.46,-41.44,78.46,42,3,11.77,clear sky,0.0,0
248,Ekibastuz,KZ,51.67,75.37,67.44,60,0,3.24,clear sky,0.0,0
249,Taltal,CL,-25.4,-70.48,63.21,59,22,4.16,few clouds,0.0,0
250,Katsuura,JP,35.13,140.3,77.0,100,75,17.22,light intensity shower rain,0.0,0
251,Pochutla,MX,15.74,-96.47,86.0,62,75,11.41,broken clouds,0.0,0
252,Itoman,JP,26.12,127.67,82.4,88,20,3.36,few clouds,0.0,0
253,Zaragoza,ES,41.66,-0.88,90.0,35,0,3.36,clear sky,0.0,0
254,College,US,64.86,-147.8,61.0,54,75,4.65,broken clouds,0.0,0
255,Topolobampo,MX,25.6,-109.05,99.0,34,20,4.7,few clouds,0.0,0
256,Florianopolis,BR,-27.61,-48.5,70.0,93,75,3.36,broken clouds,0.0,0
257,Smithers,CA,54.78,-127.17,57.2,71,75,6.93,broken clouds,0.0,0
258,Mount Gambier,AU,-37.83,140.77,42.8,100,4,4.7,light intensity shower rain,0.0,0
259,Batticaloa,LK,7.71,81.69,82.26,78,99,2.95,overcast clouds,0.0,0
260,Lang Son,VN,21.83,106.73,77.76,87,100,5.28,light rain,0.99,0
261,Sturgis,US,41.8,-85.42,84.2,48,75,9.17,broken clouds,0.0,0
262,Odweyne,SO,9.41,45.06,79.92,47,3,17.69,clear sky,0.0,0
263,Abu Dhabi,AE,24.47,54.37,96.8,63,100,5.82,overcast clouds,0.0,0
264,Fulton,US,33.77,-84.45,93.0,43,1,9.17,clear sky,0.0,0
265,Vanderhoof,CA,54.02,-124.02,57.88,80,100,2.75,light rain,0.67,0
266,Notre-Dame-Du-Lac,CA,47.61,-68.8,73.99,94,90,13.87,light rain,0.0,0
267,Lamu,KE,-2.27,40.9,77.88,81,7,17.98,clear sky,0.0,0
268,Obo,CF,5.4,26.49,70.2,91,100,2.04,overcast clouds,0.0,0
269,Caravelas,BR,-17.71,-39.25,76.05,70,0,5.91,clear sky,0.0,0
270,Umtata,ZA,-31.59,28.78,48.2,57,39,12.75,scattered clouds,0.0,0
271,Pendleton,US,45.67,-118.79,81.0,30,1,3.36,clear sky,0.0,0
272,Talnakh,RU,69.49,88.4,48.2,93,90,13.42,mist,0.0,0
273,Ekhabi,RU,53.51,142.97,50.99,91,100,1.97,overcast clouds,0.0,0
274,Klaksvik,FO,62.23,-6.59,51.8,93,94,4.7,mist,0.0,0
275,Bubaque,GW,11.28,-15.83,79.72,85,100,21.05,moderate rain,2.17,0
276,Bathsheba,BB,13.22,-59.52,84.2,79,75,18.34,shower rain,0.0,0
277,Dunedin,NZ,-45.87,170.5,51.01,77,100,6.64,moderate rain,1.02,0
278,Rawson,AR,-43.3,-65.1,46.99,51,0,31.68,clear sky,0.0,0
279,Santarem,BR,-2.44,-54.71,87.8,66,20,10.29,few clouds,0.0,0
280,Ulagan,RU,50.63,87.96,51.37,82,97,1.7,overcast clouds,0.0,0
281,Oistins,BB,13.07,-59.53,84.2,79,75,18.34,shower rain,0.0,0
282,Manzanillo,CU,20.34,-77.12,87.75,61,100,5.03,light rain,0.86,0
283,Mansoa,GW,12.07,-15.32,77.0,94,75,5.82,moderate rain,0.0,0
284,Almaznyy,RU,48.04,40.05,77.0,31,0,8.95,clear sky,0.0,0
285,Tambopata,PE,-12.73,-69.18,82.4,65,20,5.82,few clouds,0.0,0
286,Buchanan,LR,5.88,-10.05,78.8,78,75,5.82,broken clouds,0.0,0
287,Altamont,US,42.21,-121.74,82.0,27,1,6.93,clear sky,0.0,0
288,Cabo San Lucas,MX,22.89,-109.91,90.0,55,40,10.29,scattered clouds,0.0,0
289,Bengkulu,ID,-3.8,102.27,76.08,87,30,3.94,scattered clouds,0.0,0
290,Saint-Pierre,RE,-21.34,55.48,68.0,77,20,8.05,few clouds,0.0,0
291,Le Port,RE,-20.94,55.29,68.0,82,75,17.22,broken clouds,0.0,0
292,Benalla,AU,-36.55,145.98,44.6,100,90,1.12,overcast clouds,0.0,0
293,Sakakah,SA,29.97,40.21,98.6,11,0,12.75,clear sky,0.0,0
294,Quang Ngai,VN,15.12,108.8,76.87,86,96,3.62,overcast clouds,0.0,0
295,Padilla,CO,3.22,-76.31,80.6,61,75,4.7,broken clouds,0.0,0
296,Neftegorsk,RU,52.8,51.17,68.79,91,0,10.07,clear sky,0.0,0
297,Rawa Mazowiecka,PL,51.76,20.25,57.0,10,100,7.27,light rain,0.13,0
298,Sao Joao Da Barra,BR,-21.64,-41.05,77.0,57,0,16.11,clear sky,0.0,0
299,Fort Nelson,CA,58.81,-122.7,66.2,55,75,4.7,broken clouds,0.0,0
300,Te Anau,NZ,-45.42,167.72,45.37,90,100,1.23,light rain,0.56,0
301,Moron,AR,-34.65,-58.62,60.01,22,9,3.0,clear sky,0.0,0
302,Bjornevatn,NO,69.67,29.98,48.2,87,75,10.29,broken clouds,0.0,0
303,Beisfjord,NO,68.38,17.6,57.2,62,100,17.22,overcast clouds,0.0,0
304,Onega,RU,63.91,38.14,58.24,96,100,12.39,moderate rain,1.33,0
305,Buraydah,SA,26.33,43.98,96.8,23,20,3.36,few clouds,0.0,0
306,Katherine,AU,-14.47,132.27,69.8,56,0,4.7,clear sky,0.0,0
307,Namatanai,PG,-3.67,152.43,78.78,84,64,6.89,broken clouds,0.0,0
308,Lucapa,AO,-8.42,20.74,76.57,25,0,3.87,clear sky,0.0,0
309,Marystown,CA,47.17,-55.15,62.08,82,99,10.07,overcast clouds,0.0,0
310,Manzhouli,CN,49.6,117.43,63.64,84,49,9.44,scattered clouds,0.0,0
311,Vanavara,RU,60.34,102.28,50.63,90,60,5.39,broken clouds,0.0,0
312,Chapada Dos Guimaraes,BR,-15.46,-55.75,95.0,20,0,12.75,clear sky,0.0,0
313,Haradok,BY,55.46,29.98,58.68,74,44,5.48,scattered clouds,0.0,0
314,Lalgudi,IN,10.87,78.83,77.0,94,40,3.36,mist,0.0,0
315,Paramonga,PE,-10.67,-77.83,65.82,66,27,10.67,scattered clouds,0.0,0
316,Tres Arroyos,AR,-38.37,-60.28,52.45,43,97,23.44,overcast clouds,0.0,0
317,Stanisesti,RO,46.43,27.3,77.0,53,0,8.05,clear sky,0.0,0
318,Port Lincoln,AU,-34.73,135.87,52.52,79,34,12.66,light rain,0.26,0
319,Olafsvik,IS,64.89,-23.71,51.82,86,100,12.41,overcast clouds,0.0,0
320,Lorengau,PG,-2.02,147.27,81.48,78,100,7.34,overcast clouds,0.0,0
321,Mehamn,NO,71.04,27.85,51.8,76,100,5.82,overcast clouds,0.0,0
322,Talcahuano,CL,-36.72,-73.12,53.6,76,75,10.29,broken clouds,0.0,0
323,Oum Hadjer,TD,13.3,19.7,79.2,69,96,6.04,overcast clouds,0.0,0
324,Pathein,MM,16.78,94.73,80.65,87,87,4.68,overcast clouds,0.0,0
325,Lagoa,PT,39.05,-27.98,69.71,77,31,8.19,scattered clouds,0.0,0
326,Okhotsk,RU,59.38,143.3,53.82,90,24,3.98,few clouds,0.0,0
327,Ponta Do Sol,PT,32.67,-17.1,72.0,68,0,1.99,clear sky,0.0,0
328,Cherskiy,RU,68.75,161.3,47.12,87,99,11.63,overcast clouds,0.0,0
329,Tiarei,PF,-17.53,-149.33,80.6,57,20,16.11,few clouds,0.0,0
330,Parana,AR,-31.73,-60.52,64.0,24,100,6.93,overcast clouds,0.0,0
331,Tambura,SS,5.6,27.47,70.95,93,100,3.11,light rain,0.2,0
332,Madera,US,37.17,-119.83,100.0,17,0,3.0,clear sky,0.0,0
333,Dandong,CN,40.13,124.39,67.44,86,100,2.24,overcast clouds,0.0,0
334,Taicheng,CN,38.73,113.23,63.05,92,100,1.68,light rain,0.45,0
335,Nouna,BF,12.73,-3.87,91.04,44,96,6.64,overcast clouds,0.0,0
336,Songjianghe,CN,42.19,127.48,56.55,95,0,3.67,clear sky,0.0,0
337,Nishihara,JP,26.18,127.76,82.4,88,20,3.36,few clouds,0.0,0
338,Villa De Cura,VE,10.04,-67.49,85.19,56,2,3.89,clear sky,0.0,0
339,Terrace Bay,CA,48.78,-87.1,66.2,68,90,11.41,overcast clouds,0.0,0
340,Ginir,ET,7.13,40.7,61.29,86,45,8.19,scattered clouds,0.0,0
341,Sungairaya,ID,0.7,108.9,76.6,85,0,4.54,clear sky,0.0,0
342,Port Augusta,AU,-32.5,137.77,41.0,100,90,3.36,overcast clouds,0.0,0
343,Logan Lake,CA,50.5,-120.8,64.4,55,90,2.24,overcast clouds,0.0,0
344,Danjiangkou,CN,32.54,111.51,69.31,93,100,3.49,light rain,0.37,0
345,Gualeguaychu,AR,-33.01,-58.52,55.99,46,99,1.99,overcast clouds,0.0,0
346,Mersing,MY,2.43,103.84,73.4,100,98,4.7,overcast clouds,0.0,0
347,Kapit,MY,2.02,112.93,74.46,87,100,1.14,overcast clouds,0.0,0
348,Tiksi,RU,71.69,128.87,46.58,92,100,2.86,light rain,0.41,0
349,Banjar,ID,-8.19,114.97,78.8,100,40,13.87,scattered clouds,0.0,0
350,Hobyo,SO,5.35,48.53,79.34,77,99,31.68,overcast clouds,0.0,0
351,Pangnirtung,CA,66.15,-65.71,50.0,76,90,16.11,overcast clouds,0.0,0
352,Port Hedland,AU,-20.32,118.57,64.4,23,0,12.75,clear sky,0.0,0
353,Songea,TZ,-10.68,35.65,59.88,76,0,1.21,clear sky,0.0,0
354,Tecoanapa,MX,16.52,-98.75,78.46,90,100,6.13,light rain,0.26,0
355,Savannah Bight,HN,16.45,-85.85,83.19,77,38,18.21,scattered clouds,0.0,0
356,Vardo,NO,70.37,31.11,48.27,89,0,13.0,clear sky,0.0,0
357,Adrar,MR,20.5,-10.07,100.53,17,0,9.86,clear sky,0.0,0
358,Georgetown,MY,5.41,100.34,80.6,94,20,4.7,few clouds,0.0,0
359,Sandakan,MY,5.84,118.12,77.0,100,40,3.02,scattered clouds,0.0,0
360,Anadyr,RU,64.75,177.48,62.6,42,100,4.47,overcast clouds,0.0,0
361,Codrington,AU,-38.27,141.97,45.52,91,32,4.59,scattered clouds,0.0,0
362,Tucurui,BR,-3.77,-49.67,86.85,61,5,4.23,clear sky,0.0,0
363,Folkestone,GB,51.08,1.18,70.0,64,15,1.99,few clouds,0.0,0
364,Atlantic Beach,US,30.33,-81.4,91.4,63,40,6.93,scattered clouds,0.0,0
365,Hasanabad,IR,36.55,61.05,84.2,30,0,2.24,clear sky,0.0,0
366,Wilkie,CA,52.42,-108.7,73.99,61,0,8.01,clear sky,0.0,0
367,Saint Anthony,US,45.02,-93.22,84.2,42,1,8.05,clear sky,0.0,0
368,Matagami,CA,49.75,-77.63,68.0,94,90,10.29,light rain,0.0,0
369,Ponta Delgada,PT,37.73,-25.67,71.6,64,75,6.93,broken clouds,0.0,0
370,Laramie,US,41.31,-105.59,80.6,12,1,11.41,clear sky,0.0,0
371,Karratha,AU,-20.74,116.85,64.47,31,0,18.5,clear sky,0.0,0
372,Narsaq,GL,60.92,-46.05,57.2,71,75,5.82,broken clouds,0.0,0
373,San Julian,MX,21.02,-102.17,77.18,42,40,10.71,scattered clouds,0.0,0
374,Walvis Bay,NA,-22.96,14.51,57.0,76,0,8.05,clear sky,0.0,0
375,Alamosa,US,37.47,-105.87,84.2,7,1,5.82,clear sky,0.0,0
376,Harper,LR,4.38,-7.72,75.96,74,100,8.41,overcast clouds,0.0,0
377,Portland,US,45.52,-122.68,73.99,56,40,4.7,scattered clouds,0.0,0
378,Diapaga,BF,12.07,1.79,84.58,53,89,4.25,overcast clouds,0.0,0
379,Cabral,DO,18.25,-71.22,91.4,55,20,13.87,few clouds,0.0,0
380,Bardiyah,LY,31.76,25.09,74.46,80,0,14.27,clear sky,0.0,0
381,Uyuni,BO,-20.46,-66.83,48.31,30,0,17.81,clear sky,0.0,0
382,Tual,ID,-5.67,132.75,79.5,84,100,21.65,overcast clouds,0.0,0
383,Susangerd,IR,31.56,48.18,107.6,15,0,9.17,clear sky,0.0,0
384,Tadine,NC,-21.55,167.88,68.54,78,0,12.59,clear sky,0.0,0
385,Melfi,IT,41.0,15.65,80.6,57,40,12.75,scattered clouds,0.0,0
386,Kieta,PG,-6.22,155.63,78.04,76,55,4.52,broken clouds,0.0,0
387,Buin,CL,-33.73,-70.75,59.0,58,90,0.74,haze,0.0,0
388,Nhulunbuy,AU,-12.23,136.77,73.4,88,40,5.82,scattered clouds,0.0,0
389,Thaton,MM,16.92,97.37,79.74,86,99,3.2,moderate rain,1.2,0
390,Belyy Yar,RU,53.6,91.39,60.8,87,10,2.24,clear sky,0.0,0
391,Kalach-Na-Donu,RU,48.69,43.53,82.4,39,0,8.95,clear sky,0.0,0
392,Mabaruma,GY,8.2,-59.78,84.58,83,100,3.49,moderate rain,1.28,0
393,Changping,CN,40.22,116.22,75.99,94,20,2.24,mist,0.0,0
394,Lavrentiya,RU,65.58,-171.0,52.05,57,0,6.76,clear sky,0.0,0
395,Asfi,MA,32.3,-9.24,73.85,72,0,15.57,clear sky,0.0,0
396,Sorong,ID,-0.88,131.25,79.12,82,100,3.65,moderate rain,1.95,0
397,Iwanai,JP,42.97,140.51,61.2,88,100,1.74,overcast clouds,0.0,0
398,Karwar,IN,14.8,74.13,80.04,83,100,3.24,light rain,0.8,0
399,Aranda De Duero,ES,41.67,-3.69,80.71,40,68,8.97,broken clouds,0.0,0
400,Honningsvag,NO,70.98,25.97,51.8,76,100,5.82,overcast clouds,0.0,0
401,Canillo,AD,42.58,1.67,71.01,69,64,1.92,light rain,0.23,0
402,Capim Grosso,BR,-11.38,-40.01,80.1,42,0,10.89,clear sky,0.0,0
403,Omboue,GA,-1.57,9.26,73.42,89,61,8.88,broken clouds,0.0,0
404,Tanhacu,BR,-14.02,-41.25,80.17,43,1,8.52,clear sky,0.0,0
405,La Paz,BO,-16.5,-68.15,59.0,5,75,10.29,broken clouds,0.0,0
406,Alice Springs,AU,-23.7,133.88,37.4,64,0,6.93,clear sky,0.0,0
407,Megion,RU,61.03,76.11,64.4,82,20,6.71,few clouds,0.0,0
408,Coahuayana,MX,18.73,-103.68,77.0,88,90,6.87,overcast clouds,0.0,0
409,Carutapera,BR,-1.2,-46.02,83.66,69,100,10.54,overcast clouds,0.0,0
410,Svetlyy,RU,54.67,20.13,60.8,67,20,8.95,few clouds,0.0,0
411,Boca Do Acre,BR,-8.75,-67.4,94.69,34,0,2.17,clear sky,0.0,0
412,Baillif,GP,16.02,-61.75,84.2,74,100,11.41,moderate rain,1.16,0
413,Nalut,LY,30.33,10.85,89.89,14,0,20.4,clear sky,0.0,0
414,Sioux Lookout,CA,50.1,-91.92,64.4,72,90,5.82,overcast clouds,0.0,0
415,Gazojak,TM,41.19,61.4,87.35,19,0,11.16,clear sky,0.0,0
416,Hualmay,PE,-11.1,-77.61,65.66,65,7,10.09,clear sky,0.0,0
417,Innisfail,AU,-17.53,146.03,69.3,92,33,4.34,light rain,0.28,0
418,Ascension,US,30.22,-90.9,96.01,56,0,5.82,clear sky,0.0,0
419,Belaya Gora,RU,68.53,146.42,65.64,59,100,4.43,overcast clouds,0.0,0
420,Kalmunai,LK,7.42,81.82,81.16,80,100,6.15,overcast clouds,0.0,0
421,Alexandria,EG,31.22,29.96,78.8,74,0,11.41,clear sky,0.0,0
422,Kaeo,NZ,-35.1,173.78,41.0,3,11,3.0,few clouds,0.0,0
423,Obosi,NG,6.1,6.82,73.51,95,98,4.34,overcast clouds,0.0,0
424,Yanam,IN,16.73,82.22,82.71,80,100,6.82,overcast clouds,0.0,0
425,Mayumba,GA,-3.43,10.66,72.1,90,30,4.76,scattered clouds,0.0,0
426,Bahia De Caraquez,EC,-0.6,-80.42,75.7,79,100,8.39,overcast clouds,0.0,0
427,Bambous Virieux,MU,-20.34,57.76,72.0,68,40,19.46,shower rain,0.0,0
428,Erenhot,CN,43.65,111.98,73.96,52,100,13.58,overcast clouds,0.0,0
429,Verkhnyaya Toyma,RU,62.23,45.0,58.46,95,100,8.16,moderate rain,1.74,0
430,Vuktyl,RU,63.86,57.31,59.92,60,15,4.29,few clouds,0.0,0
431,Marco,US,25.97,-81.73,89.6,70,20,12.75,few clouds,0.0,0
432,Chippewa Falls,US,44.94,-91.39,84.2,39,1,8.05,clear sky,0.0,0
433,Nakhon Phanom,TH,17.41,104.78,78.75,82,100,3.94,overcast clouds,0.0,0
434,Irara,BR,-12.05,-38.77,74.39,77,5,11.7,clear sky,0.0,0
435,Comodoro Rivadavia,AR,-45.87,-67.5,46.4,42,40,17.22,scattered clouds,0.0,0
436,Jablah,SY,35.36,35.93,80.6,78,40,11.41,scattered clouds,0.0,0
437,Yaan,NG,7.38,8.57,73.87,95,89,5.17,light rain,0.49,0
438,Monki,PL,53.41,22.8,57.99,89,100,5.53,light rain,0.11,0
439,Mocuba,MZ,-16.84,36.99,67.37,62,0,4.38,clear sky,0.0,0
440,Seddon,AU,-37.81,144.89,51.01,100,90,5.82,light intensity shower rain,0.0,0
441,Nemuro,JP,43.32,145.57,56.57,96,94,8.19,overcast clouds,0.0,0
442,Sikeston,US,36.88,-89.59,91.4,49,1,9.17,clear sky,0.0,0
443,Riyadh,SA,24.69,46.72,98.6,14,71,4.7,broken clouds,0.0,0
444,Whitehorse,CA,60.72,-135.05,60.01,50,75,4.7,broken clouds,0.0,0
445,La Rioja,ES,42.25,-2.5,84.2,39,0,3.36,light rain,0.25,0
446,Coos Bay,US,43.37,-124.22,66.99,68,90,6.93,overcast clouds,0.0,0
447,Kuytun,RU,54.34,101.5,60.91,72,99,3.87,overcast clouds,0.0,0
448,Neuquen,AR,-38.95,-68.06,57.2,33,40,19.46,scattered clouds,0.0,0
449,Kloulklubed,PW,7.04,134.26,75.2,94,90,6.42,overcast clouds,0.0,0
450,Komsomolskiy,UZ,40.43,71.72,77.0,50,84,6.93,broken clouds,0.0,0
451,Sri Aman,MY,1.24,111.46,75.2,94,98,0.36,overcast clouds,0.0,0
452,Santa Lucia,ES,27.91,-15.54,77.0,65,20,32.21,few clouds,0.0,0
453,Port-Gentil,GA,-0.72,8.78,77.0,88,75,14.09,broken clouds,0.0,0
454,Bonnyville,CA,54.27,-110.73,73.4,53,40,5.82,scattered clouds,0.0,0
455,Fort Saint James,CA,54.43,-124.25,55.72,86,100,2.68,light rain,0.83,0
456,Half Moon Bay,US,37.46,-122.43,78.01,64,5,3.36,clear sky,0.0,0
457,Bukama,CD,-9.2,25.85,79.61,36,9,3.85,clear sky,0.0,0
458,Guerrero Negro,MX,27.98,-114.06,89.71,27,0,11.63,clear sky,0.0,0
459,Kupang,ID,-10.17,123.58,75.63,80,53,11.25,broken clouds,0.0,0
460,Sokolo,ML,14.73,-6.12,95.7,35,92,8.57,overcast clouds,0.0,0
461,Panjab,AF,34.39,67.02,53.96,50,0,5.77,clear sky,0.0,0
462,Binghamton,US,42.1,-75.92,84.0,69,75,10.29,moderate rain,1.27,0
463,Hamilton,US,39.18,-84.53,88.0,48,40,10.29,scattered clouds,0.0,0
464,Goya,AR,-29.14,-59.26,63.0,64,93,9.15,overcast clouds,0.0,0
465,Goderich,CA,43.75,-81.72,78.01,87,20,7.0,few clouds,0.0,0
466,Kyren,RU,51.68,102.14,59.72,82,100,1.14,overcast clouds,0.0,0
467,Grimma,DE,51.23,12.72,66.99,51,0,1.01,clear sky,0.0,0
468,Banepa,NP,27.63,85.52,73.4,94,75,3.36,broken clouds,0.0,0
469,Tulsipur,NP,28.13,82.3,89.01,74,1,5.01,light rain,0.47,0
470,Omsukchan,RU,62.53,155.8,55.44,81,100,2.57,light rain,0.17,0
471,Segezha,RU,63.74,34.32,56.07,96,78,4.9,light rain,0.84,0
472,Rio Grande,BR,-32.03,-52.1,60.8,55,0,4.7,clear sky,0.0,0
473,Boguchany,RU,58.38,97.45,53.58,80,76,3.56,broken clouds,0.0,0
474,Hoopstad,ZA,-27.83,25.91,39.06,69,0,5.82,clear sky,0.0,0
475,Oranjemund,NA,-28.55,16.43,55.42,65,0,8.41,clear sky,0.0,0
476,Povenets,RU,62.85,34.83,55.69,84,83,12.08,broken clouds,0.0,0
477,Kirkland Lake,CA,48.14,-80.04,71.6,88,75,8.05,broken clouds,0.0,0
478,Srandakan,ID,-7.94,110.25,75.54,86,71,5.32,broken clouds,0.0,0
479,Suphan Buri,TH,14.47,100.12,84.99,76,100,7.63,overcast clouds,0.0,0
480,Flinders,AU,-34.58,150.86,50.0,91,31,1.01,scattered clouds,0.0,0
481,San Cristobal,VE,7.77,-72.22,84.2,62,75,3.36,shower rain,0.0,0
482,Aswan,EG,24.09,32.91,93.27,16,0,11.54,clear sky,0.0,0
483,Sabang,ID,5.89,95.32,83.28,75,100,10.98,moderate rain,1.18,0
484,Monastyrishche,RU,44.19,132.5,56.32,95,12,3.13,few clouds,0.0,0
485,San Patricio,MX,19.22,-104.7,86.0,74,75,11.41,broken clouds,0.0,0
486,Gat,IL,31.61,34.76,82.0,89,0,5.01,clear sky,0.0,0
487,Raudeberg,NO,61.99,5.14,51.01,89,86,14.05,light rain,0.42,0
488,Bay Roberts,CA,47.6,-53.26,73.0,67,47,5.68,scattered clouds,0.0,0
489,Rehoboth,NA,-23.32,17.08,43.52,52,0,8.55,clear sky,0.0,0
490,Belmonte,BR,-15.86,-38.88,77.0,73,20,5.82,few clouds,0.0,0
491,Ayotzintepec,MX,17.67,-96.13,89.96,51,6,4.63,light rain,0.18,0
492,Usvyaty,RU,55.75,30.75,58.48,73,63,5.32,broken clouds,0.0,0
493,Rangapara,IN,26.82,92.65,76.53,96,100,1.77,moderate rain,1.45,0
494,Ulaanbaatar,MN,47.91,106.88,53.6,87,70,0.87,broken clouds,0.0,0
495,Umm Lajj,SA,25.02,37.27,84.11,63,0,7.92,clear sky,0.0,0
496,Kavieng,PG,-2.57,150.8,82.42,75,100,10.94,overcast clouds,0.0,0
497,Vigrestad,NO,58.57,5.7,52.0,95,53,4.0,light rain,0.22,0
498,Xai-Xai,MZ,-25.05,33.64,66.0,71,0,20.51,clear sky,0.0,0
499,Makaryev,RU,57.88,43.81,64.18,73,83,8.68,broken clouds,0.0,0
500,Annau,TM,37.89,58.52,87.8,38,40,13.87,scattered clouds,0.0,0
501,Suyan,PH,6.06,125.39,74.5,79,43,1.63,scattered clouds,0.0,0
502,Las Cruces,US,32.31,-106.78,102.2,10,1,6.93,clear sky,0.0,0
503,Nortelandia,BR,-14.45,-56.8,94.37,24,0,6.15,clear sky,0.0,0
504,Sinnamary,GF,5.38,-52.95,83.62,73,80,10.98,broken clouds,0.0,0
505,Butajira,ET,8.12,38.37,60.58,77,13,4.16,light rain,0.17,0
506,Sipovo,BA,44.28,17.08,66.02,85,36,8.75,light rain,0.63,0
507,Qax,AZ,41.42,46.92,73.4,73,90,9.17,overcast clouds,0.0,0
508,Ust-Kulom,RU,61.69,53.69,60.03,63,55,4.05,broken clouds,0.0,0
509,Beringovskiy,RU,63.05,179.32,48.45,84,100,4.09,overcast clouds,0.0,0
510,Zhigansk,RU,66.77,123.37,63.43,74,9,15.93,clear sky,0.0,0
511,Amberley,US,39.2,-84.43,88.0,48,40,10.29,scattered clouds,0.0,0
512,Isangel,VU,-19.55,169.27,69.71,84,4,13.51,clear sky,0.0,0
513,Jalu,LY,29.03,21.55,85.91,23,0,12.26,clear sky,0.0,0
514,Mildura,AU,-34.2,142.15,37.0,100,90,5.82,overcast clouds,0.0,0
515,Wau,SS,7.7,28.0,72.61,93,79,3.4,broken clouds,0.0,0
516,Hami,CN,42.8,93.45,80.51,25,100,7.7,overcast clouds,0.0,0
517,Sonamukhi,IN,23.3,87.42,81.72,79,100,9.8,light rain,0.47,0
518,Mormugao,IN,15.4,73.8,80.6,83,100,4.14,light rain,0.24,0
519,Haimen,CN,23.19,116.61,82.4,83,98,4.47,overcast clouds,0.0,0
520,Bosaso,SO,11.28,49.18,96.55,37,100,23.64,overcast clouds,0.0,0
521,Ngaoundere,CM,7.32,13.58,66.34,97,100,3.78,light rain,0.77,0
522,Dehui,CN,44.53,125.7,64.4,88,16,2.24,few clouds,0.0,0
523,Beihai,CN,21.48,109.1,85.15,84,100,10.74,light rain,0.49,0
524,Nicoya,CR,10.15,-85.45,86.0,66,75,9.17,broken clouds,0.0,0
525,Tiznit,MA,29.58,-9.5,86.63,30,0,5.95,clear sky,0.0,0
526,Kandrian,PG,-6.22,149.55,76.78,86,24,7.52,few clouds,0.0,0
527,Magadan,RU,59.57,150.8,54.45,89,3,4.61,clear sky,0.0,0
528,Kanalion,GR,39.61,19.89,78.8,74,0,6.64,clear sky,0.0,0
529,Apache Junction,US,33.42,-111.55,105.01,21,40,10.29,scattered clouds,0.0,0
530,Port Shepstone,ZA,-30.74,30.45,61.16,50,0,28.14,clear sky,0.0,0
531,Klyuchi,RU,52.27,79.17,62.73,75,0,4.76,clear sky,0.0,0
532,Naze,JP,28.37,129.48,80.6,100,20,4.7,few clouds,0.0,0
533,Vao,NC,-22.67,167.48,69.53,74,15,19.75,few clouds,0.0,0
534,Unhel,IN,23.33,75.57,80.1,78,66,17.76,broken clouds,0.0,0
535,Milledgeville,US,33.08,-83.23,91.99,46,1,8.05,clear sky,0.0,0
536,Bacolod,PH,10.67,122.95,78.42,80,100,2.28,light rain,0.12,0
537,Kurilsk,RU,45.23,147.88,53.69,94,100,4.18,overcast clouds,0.0,0
538,Kailua,US,21.4,-157.74,79.0,74,90,14.99,light rain,0.25,0
539,Xichang,CN,27.9,102.26,70.43,80,100,1.7,light rain,0.53,0
540,Dekar,BW,-21.53,21.93,45.64,50,0,7.27,clear sky,0.0,0
541,Hay River,CA,60.82,-115.8,73.4,56,75,12.75,broken clouds,0.0,0
542,Abhar,IR,36.15,49.22,60.21,77,99,8.93,overcast clouds,0.0,0
543,Sao Miguel Do Araguaia,BR,-13.28,-50.16,85.05,43,98,7.02,overcast clouds,0.0,0
544,Phan Thiet,VN,10.93,108.1,78.17,87,100,3.71,overcast clouds,0.0,0
545,Mutiscua,CO,7.3,-72.75,69.8,100,75,3.36,broken clouds,0.0,0
546,Beyneu,KZ,45.32,55.2,91.31,22,47,12.64,scattered clouds,0.0,0
547,Gorom-Gorom,BF,14.44,-0.24,83.61,53,100,14.05,overcast clouds,0.0,0
